mean_relative_l2,std_relative_l2,median_relative_l2,min_relative_l2,max_relative_l2,num_test_tasks
0.060952842138707636,0.04224415446335573,0.05029715597629547,0.012988978065550327,0.28347140550613403,500.0
